Neville Chasmoor,porter,200000
Pepillo Chable,porter,200000
Malvin Gelardi,porter,200000
Allegra Powling,porter,200000
Sonnnie Heaysman,porter,200000
Myca Varnam,porter,200000
Betteann Skrine,porter,200000
Marilyn McPherson,porter,200000
Nickolaus Treleven,porter,200000
Gabriele Benninger,porter,200000
Amabel Utton,porter,200000
Nanine Aksell,porter,200000
Jaimie Kidby,porter,200000
Juliet Ruddoch,guide,250000
Ludovico Thorbon,porter,200000
Harriet Pickthorne,porter,200000
Rory Felix,porter,200000
Millicent Harburtson,guide,250000
Clemmy Rylands,porter,200000
Phylis Connikie,guide,250000
Fancie Tuddall,guide,250000
Verge Timmons,guide,250000
Irena Gadney,guide,250000
Lon Krzyzowski,guide,250000
Elene Chavrin,guide,250000
Torrence Liverock,guide,250000
Corie Blaes,guide,250000
Gale Gerrish,guide,250000
Demott Ohlsen,porter,200000
Neal Yesenin,porter,200000